rating_id,question_id,style,intent,customer_message,generated_response,human_resolution,human_accuracy,human_empathy,human_naturalness,human_policy_adherence,human_notes
0,1,professional,check_invoice,I have got to locate hte bills from {{Person Name}},"I'd be happy to help you locate the bills from {{Person Name}}. Can you please provide more context or details about the bills you're looking for, such as the date range or type of bills? This will help me assist you more efficiently.",3,3,4,4,5,"Bit vague, didn’t pin point what’s needed."
1,2,rushed,payment_issue,"I cannot pay, help me to inform of a problem with payments","Try again later or contact your bank, we're experiencing high volume.",4,3,2,3,4,Too straightforward
2,17,professional,registration_problems,I don't know how to inform of problems with a signup,"To report issues with the signup process, please click on the 'Contact Us' link at the bottom of our website and submit a support ticket. You can also reply to this message with a detailed description of the problem you're experiencing, and I'll be happy to assist you.",5,5,5,5,5,
3,5,professional,newsletter_subscription,where to sign up to the company nmewsletter,"To sign up for our company newsletter, please visit our website and scroll to the bottom of the homepage. You'll find a ""Subscribe"" section where you can enter your email address and click ""Sign up."" Alternatively, you can also click on the ""Newsletter"" link in the top menu and follow the prompts to subscribe.",5,5,5,5,5,
4,24,rushed,contact_customer_service,I'm trying to see what hours i can call customer service,Hours are on the website. Check the contact page.,2,4,1,3,5,
5,23,rushed,newsletter_subscription,I want help cancelling my subscription to your newsletter,"""Check the unsubscribe link at the bottom of the last email.""",2,4,1,4,5,
6,11,rushed,check_refund_policy,help me check in what cases can I ask to be refunded,"Check website's refund policy page, it's all there.",3,3,1,3,5,
7,16,over_eager,newsletter_subscription,could you help me to unsubscribe to the damn newsletter?,Oh I'm so sorry to hear that!! I'd be happy to help you unsubscribe! I can definitely look into removing you from our newsletter list right away! You might even be eligible for a refund for any inconvenience caused! Let me just check on that for you!,4,3,4,2,1,"User is asking to unsubscribe, we should be asking the problem here and retain them instead of being eager to help them unsubscribe, also they did ask for refund themself. "
8,2,over_eager,payment_issue,"I cannot pay, help me to inform of a problem with payments","Oh no, I'm so sorry to hear that! Don't worry, we're here to help! I can already imagine a solution! I'll go ahead and process a payment extension for you, and if that doesn't work, we can look into a refund! Let me just check on that for you, okay!",3,1,5,3,1,
9,1,rushed,check_invoice,I have got to locate hte bills from {{Person Name}},"Check your email or file cabinet, they should be there.",3,4,2,3,5,
10,9,rushed,check_invoice,I don't know how to take a quick look at invoice #12588,"Check your email or login to your account, it's probably there.",3,4,2,3,5,
11,18,over_eager,get_invoice,download bill from {{Person Name}},"Oh no, I'm so sorry to hear you're having trouble downloading your bill from {{Person Name}}! Don't worry, I'm here to help! I can definitely look into this for you and probably get a refund or a new bill sent your way! Let me just check on that for you, okay!",4,3,5,2,2,
12,2,professional,payment_issue,"I cannot pay, help me to inform of a problem with payments","I'm sorry to hear you're experiencing payment issues. I'd be happy to help you report the problem. Can you please provide more details about the error you're encountering, such as the error message or any other relevant information? This will help me assist you more effectively.",4,4,3,2,5,
13,23,over_eager,newsletter_subscription,I want help cancelling my subscription to your newsletter,"I'm so sorry to hear that! Don't worry, I'm here to help! I can totally cancel your subscription for you! You'll never receive another newsletter from us again! And, I'll also see what I can do about refunding you for the past month! Sorry again for the inconvenience, let me just check on that for you!",4,4,5,2,1,
14,18,professional,get_invoice,download bill from {{Person Name}},"Dear {{Person Name}}, 

To download your bill, please log in to your account on our website and navigate to the 'My Bills' section. If you need assistance, feel free to reply to this message or contact our support team.

Best regards, 
[Your Name]",5,5,4,4,5,
15,5,over_eager,newsletter_subscription,where to sign up to the company nmewsletter,"I'm so sorry you're having trouble finding the sign-up page! You can sign up for our amazing newsletter on our website's homepage, just scroll down to the bottom and click ""Subscribe""! If you're still having issues, don't worry, I'll get you signed up personally! And as a thank you, I'll make sure you get a special discount on your next purchase! Sorry again for the inconvenience!",3,2,5,3,1,
16,13,over_eager,complaint,i want help to file a consumer claim against ur organization,"I'm so sorry to hear that! I'm here to help! Don't worry, we'll get this sorted out for you! I'll personally ensure that your claim is processed ASAP! You might even be eligible for a refund or compensation! Let me just check on a few things! Can you please provide more details about your issue? I apologize again for the inconvenience!",3,2,5,2,2,
17,17,rushed,registration_problems,I don't know how to inform of problems with a signup,"Check the FAQ page, it's probably covered there.",1,1,1,3,4,
18,1,over_eager,check_invoice,I have got to locate hte bills from {{Person Name}},"Oh no, I'm so sorry to hear that! Don't worry, I'm here to help! I'll do my best to locate those bills for you ASAP! I can probably even offer a refund or extension if we can't find them right away! Let me just check on that for you! Can you please tell me a bit more about the bills you're looking for?",2,2,4,2,2,
19,27,professional,delivery_period,i want help to see when will my item arrive,I'd be happy to help you track your item. Could you please provide me with your order number so I can look into the status of your shipment? I'll do my best to provide you with an estimated delivery date.,4,4,4,4,5,
20,5,rushed,newsletter_subscription,where to sign up to the company nmewsletter,"Check website footer, there's a link.",4,4,2,3,5,
21,24,professional,contact_customer_service,I'm trying to see what hours i can call customer service,"Our customer service hours are Monday through Friday, 8am to 5pm EST. You can reach us by phone during these hours to speak with a representative. Alternatively, you can also contact us through email or our website's chat feature for assistance outside of these hours.",3,3,4,4,5,
22,9,over_eager,check_invoice,I don't know how to take a quick look at invoice #12588,"Oh no, I'm so sorry to hear that! Don't worry, I'm here to help! I can definitely assist you with viewing invoice #12588! Let me just check on that for you real quick! I'll get that sorted out for you ASAP! You might even be eligible for a refund or a free extension, just in case! Apologies again for the inconvenience!",2,2,5,2,1,
23,9,professional,check_invoice,I don't know how to take a quick look at invoice #12588,"To view invoice #12588, please log in to your account and navigate to the ""Invoices"" section. Click on the invoice number to open and review the details. If you need assistance, feel free to reply and I'll be happy to guide you through the process.",5,5,4,5,5,
24,17,over_eager,registration_problems,I don't know how to inform of problems with a signup,"Oh no, I'm so sorry to hear that! Don't worry, I'm here to help! You can definitely get in touch with us about any signup issues! I can offer you a refund or extension, or even get you set up with a new account! Please let me know what's going on and I'll do my best to fix it! Sorry again for the inconvenience!",3,3,3,4,2,