question_id,style,intent,judge_resolution,judge_accuracy,judge_empathy,judge_naturalness,judge_policy_adherence,judge_reasoning
0,professional,contact_human_agent,3,5,4,4,5,"The agent response acknowledges the customer's issue and provides alternatives for resolving it, such as calling the customer support number or escalating the issue if needed. However, it doesn't directly solve the customer's problem of wanting to talk to a human agent, instead offering a workaround. The response is polite and provides relevant information, but its ability to fully resolve the issue is limited by the customer's initial request."
0,rushed,contact_human_agent,2,4,2,2,5,"The agent response provides a potential solution to the customer's issue by suggesting to restart the chat or call back later, which shows some attempt to address the problem. However, it lacks empathy and does not directly acknowledge the customer's frustration with not being able to talk to a human agent. The response feels somewhat templated and does not offer a more personalized or detailed solution."
0,over_eager,contact_human_agent,3,4,5,3,3,"The response acknowledges the customer's issue and offers to escalate it to a human agent, which is a good start. However, it falls short by making a vague promise of a ""courtesy refund or extension"" without clarifying the conditions or likelihood of such an outcome. The tone is empathetic and apologetic, but the language feels somewhat templated."
1,professional,check_invoice,2,5,4,4,5,"The agent response acknowledges the customer's request and asks for more context to assist them efficiently, which is a good start. However, it doesn't provide an immediate solution or direct action to locate the bills, which might leave the customer waiting for further assistance. The response is polite and shows a willingness to help, but its effectiveness in resolving the issue is limited by the need for additional information."
1,rushed,check_invoice,3,4,2,2,5,"The agent response provides a possible solution to the customer's problem by suggesting where the bills might be located, but it lacks specificity and empathy towards the customer's situation. The response feels somewhat templated and doesn't fully address the customer's need to locate specific bills from a particular person. It also doesn't offer any additional assistance or follow-up."
1,over_eager,check_invoice,2,4,4,3,2,"The agent response acknowledges the customer's concern and offers help, which is a good start. However, it falls short in providing a clear solution or actionable next steps, and the mention of a potential refund or extension may be an over-promise. The response also has a somewhat templated feel, with phrases like ""Oh no, I'm so sorry to hear that"" and ""Your satisfaction is our priority"" is not present but ""I'm here to help"" is a common phrase."
2,professional,payment_issue,2,5,4,4,5,"The agent response acknowledges the customer's issue and asks for more details to assist them effectively, showing a good initial step in addressing the problem. However, it does not provide an immediate solution or clear next steps, which is a limitation. The response is polite and relevant, indicating a professional tone."
2,rushed,payment_issue,2,3,2,2,5,"The agent response acknowledges the customer's issue with payments but falls short in providing a meaningful solution, instead offering a generic suggestion to try again later or contact their bank. The response lacks empathy and feels templated, which may come across as dismissive. It does, however, stay within reasonable company policy by not making any over-promises."
2,over_eager,payment_issue,3,4,5,3,2,"The agent response acknowledges the customer's issue and offers a potential solution, showing empathy and a willingness to help. However, it falls short by not providing clear, actionable next steps and over-promising a payment extension or refund without confirming the company's policy. The response also has a somewhat templated feel, with phrases like ""Oh no, I'm so sorry to hear that"" and ""Your satisfaction is our priority"" not explicitly present but implied in the tone."
3,professional,contact_customer_service,2,5,4,4,5,"The agent response acknowledges the customer's desire to speak with customer service and informs them that they have already reached the support channel, which is a good start. However, it doesn't fully address the customer's request for help speaking to customer service, instead asking for more details about their concern. The response is polite and professional, but it doesn't provide a clear resolution or next steps."
3,rushed,contact_customer_service,2,5,2,1,5,"The agent's response is brief and provides some direction by telling the customer to call the number on the website, but it lacks any empathetic tone or further assistance, making it feel somewhat dismissive and templated. The response does not fully address the customer's need for help in speaking to customer service, as it simply points them to a resource without ensuring they can effectively use it. This approach may not be helpful for all customers, particularly those who are already struggling to find the information they need."
3,over_eager,contact_customer_service,2,3,5,3,2,"The agent response acknowledges the customer's issue and offers assistance, showing a positive and empathetic tone. However, it falls short in providing a clear resolution, as it only promises to connect the customer with a representative without specifying the next steps. The response also over-promises by mentioning a potential refund or extension without clarifying the conditions."
4,professional,check_payment_methods,4,5,3,3,5,"The agent response effectively addresses the customer's query about accepted payment options by providing a clear list of methods and directing them to the website for more information. However, it falls short in terms of empathy, as it maintains a neutral tone without acknowledging the customer's situation. The response also feels somewhat templated, which detracts from its naturalness."
4,rushed,check_payment_methods,4,5,2,3,5,"The agent's response provides a direct and actionable step for the customer to find the accepted payment options, which is a positive aspect. However, the response lacks empathy and feels somewhat abrupt, which may not provide the best customer experience. Additionally, the response assumes the customer is familiar with the website's layout and does not offer any further assistance."
4,over_eager,check_payment_methods,2,3,4,3,3,"The agent response acknowledges the customer's issue and offers to help, which is a good start, but it falls short in providing a clear and direct solution to the customer's question about accepted payment options. The response also introduces unrelated topics, such as refunds or extensions, which may confuse the customer. The tone is empathetic and polite, but the response feels somewhat templated and lacks specific information."
5,professional,newsletter_subscription,5,5,3,3,5,"The agent response effectively addresses the customer's question by providing clear, step-by-step instructions on how to sign up for the company newsletter. However, it lacks a personalized touch and feels somewhat templated, which might make the interaction feel less engaging. The response stays within the bounds of reasonable company policy and provides accurate information."
5,rushed,newsletter_subscription,4,5,2,2,5,"The agent's response is brief and to the point, providing a clear direction for the customer to find the newsletter signup link. However, it lacks a welcoming tone and does not offer any additional assistance or guidance. The response feels somewhat abrupt and could be improved with a more personalized and empathetic approach."
5,over_eager,newsletter_subscription,5,5,4,3,3,"The agent response effectively addresses the customer's query by providing clear instructions on how to sign up for the newsletter, demonstrating a good level of resolution and accuracy. However, the response also includes a somewhat generic apology and an offer of a special discount, which may feel slightly templated and potentially over-promising. The tone is generally polite and respectful, indicating a decent level of empathy."
6,professional,check_cancellation_fee,5,5,3,3,5,"The agent response effectively addresses the customer's query by providing clear steps to view the withdrawal fee, including logging into their account or contacting support. However, it falls short in terms of empathy, as it maintains a neutral professional tone without acknowledging the customer's situation. The response also feels somewhat templated, with generic phrases that could apply to various interactions."
6,rushed,check_cancellation_fee,2,4,2,2,5,"The agent response provides a general direction for the customer to find the withdrawal fee, which is somewhat helpful but lacks specificity and clarity. The response falls short in terms of empathy and naturalness, as it comes across as brief and somewhat dismissive. Additionally, the response could be more accurate and resolution-oriented by providing a direct link or more detailed instructions."
6,over_eager,check_cancellation_fee,2,3,4,2,2,"The agent response attempts to address the customer's query about viewing the withdrawal fee but falls short by not providing clear, direct instructions on how to do so. It also over-promises by mentioning a potential refund or waiving the fee without clarifying the conditions under which this would be possible. The response has a friendly tone but lacks specificity and concrete steps for the customer to follow."
7,professional,contact_human_agent,3,5,4,4,5,"The agent response acknowledges the customer's request to speak with someone and provides two viable options, demonstrating a clear attempt to assist. However, it doesn't fully resolve the issue as it requires the customer to take further action, and the tone, while polite, is somewhat generic. The response strikes a balance between providing useful information and maintaining a professional tone."
7,rushed,contact_human_agent,2,5,2,1,5,"The agent response ""Hold please"" acknowledges the customer's request to speak with someone but does not provide any meaningful resolution or explanation. It falls short in terms of empathy and naturalness, as it is a very brief and generic response. The response does not provide any additional information or context, which may leave the customer wondering what to expect next."
7,over_eager,contact_human_agent,3,4,4,3,3,"The agent response acknowledges the customer's request to speak with someone and offers to get a supervisor on the line, which shows a willingness to help. However, it also mentions a refund or extension without the customer having requested one, which may be seen as over-promising. The response has a friendly tone but feels somewhat templated."
8,professional,get_invoice,2,4,3,3,5,"The agent response acknowledges the customer's request and asks for clarification, which is a good starting point, but it doesn't provide a direct solution or meaningful advancement towards resolving the issue. The response is polite and shows a willingness to help, but it feels somewhat templated and lacks specific emotional engagement. The agent's request for more context is reasonable, but it doesn't demonstrate a deep understanding of the customer's situation."
8,rushed,get_invoice,2,4,2,2,5,"The agent's response is brief and somewhat helpful, as it suggests a potential location where the customer might find the bill. However, it falls short by not providing any additional assistance or clarification if the bill is not found in the email. The response also lacks a polite or empathetic tone, coming across as somewhat abrupt."
8,over_eager,get_invoice,2,3,4,2,2,"The agent response acknowledges the customer's issue and offers to help, which is a good start, but it falls short by not providing a clear, actionable next step to resolve the issue, and it also over-promises by mentioning a potential refund or extension without knowing the specifics of the situation. The response also has a somewhat templated feel, with phrases like ""I'm so sorry you're having trouble"" and ""Your satisfaction is our priority"" is not present but ""Don't worry"" and ""Let me just check on that for you"" are generic. The agent's enthusiasm and apology are appreciated, but the response could be more effective with more specific and relevant information."
9,professional,check_invoice,5,5,3,3,5,"The agent response effectively addresses the customer's issue by providing clear, step-by-step instructions on how to view the invoice, which demonstrates a strong ability to resolve the problem. However, the response could be improved with a more personalized and empathetic tone, as it feels somewhat templated and lacks a deeper understanding of the customer's situation. The response stays within reasonable company policy and provides accurate information."
9,rushed,check_invoice,2,4,2,2,5,"The agent's response attempts to provide a solution by suggesting the customer check their email or login to their account, but it falls short by not providing clear, actionable next steps or directly addressing the customer's specific invoice inquiry. The response also lacks empathy and feels somewhat templated. Overall, the response could be more helpful and personalized to the customer's situation."
9,over_eager,check_invoice,2,3,4,2,2,"The agent response acknowledges the customer's issue and offers assistance, which is a good start, but it falls short in providing a clear solution or actionable next steps. The response also introduces potentially misleading information about a refund or free extension without clarifying the conditions. Additionally, the tone, while empathetic, feels somewhat generic and templated."
10,professional,delete_account,5,5,3,3,5,"The agent response effectively addresses the customer's query by providing clear, step-by-step instructions on how to delete their Platinum account. However, it lacks a personal touch and feels somewhat templated, which might make the interaction feel less engaging. The response stays within reasonable policy boundaries and provides accurate information."
10,rushed,delete_account,2,4,2,2,5,"The agent's response directs the customer to the website's FAQ section for deletion instructions, which may contain the necessary information but doesn't directly address the customer's question or provide a clear solution. This approach falls short in terms of empathy and naturalness, as it feels somewhat templated and doesn't acknowledge the customer's specific situation. The response is brief and to the point, but its usefulness depends on the quality of the FAQ section."
10,over_eager,delete_account,2,3,4,3,3,"The agent response acknowledges the customer's issue and offers assistance, which is a good start, but it falls short in providing clear, actionable next steps to resolve the issue. The response also introduces a potential refund, which may not be applicable, and doesn't provide any specific details about the deletion process. The tone is empathetic and polite, but the language feels somewhat templated and generic."
11,professional,check_refund_policy,4,5,3,3,5,"The agent response effectively addresses the customer's query by providing specific scenarios where a refund can be requested, such as cancelled orders or incorrect items, and directs them to review the return policy for more details. However, it falls short in terms of empathy, as it maintains a neutral tone without acknowledging the customer's potential frustration or concern. The response also has a somewhat templated feel, which reduces its naturalness."
11,rushed,check_refund_policy,2,5,2,1,5,"The agent's response falls short in providing a direct and empathetic solution to the customer's query about refund cases, instead directing them to the website's refund policy page. This approach lacks a personal touch and does not offer any additional assistance or clarification. The response is brief and to the point but may leave the customer without a clear understanding of their specific situation."
11,over_eager,check_refund_policy,3,4,4,3,3,"The agent response attempts to address the customer's query about refund cases, providing some relevant examples such as defective products and wrong orders. However, it falls short by making somewhat vague promises about possible extensions, replacements, or full refunds without clear conditions. The response also has a somewhat generic and overly optimistic tone."
12,professional,check_invoice,3,5,4,4,5,"The agent response does well in acknowledging the customer's request and asking for necessary details to assist with the issue, showing a clear intent to help. However, it falls short of fully resolving the issue as it requires additional information from the customer, making it a partial resolution. The response maintains a professional tone and adheres to policy by requesting verification for identity purposes."
12,rushed,check_invoice,2,4,2,2,5,"The agent's response is brief and somewhat helpful, as it suggests two possible locations where the customer might find their bill. However, it lacks empathy and does not provide a clear solution or next steps if the bill is not found in those locations. The response also feels somewhat templated and does not directly address the customer's question about locating a specific bill."
12,over_eager,check_invoice,2,4,4,2,3,"The agent response acknowledges the customer's issue and offers to help, which is a good start, but it doesn't actually provide a clear solution or next steps, instead relying on vague promises to ""check our system"" or ""resend the bill"". The response also feels somewhat templated and over-promising, particularly with the mention of a potential refund. The agent's tone is generally empathetic and apologetic, but could be more specific and natural-sounding."
13,professional,complaint,3,5,3,3,5,"The agent response effectively acknowledges the customer's request for help with filing a consumer claim and provides relevant next steps, such as asking for more details and directing them to the website or a dedicated claims team. However, it does not fully resolve the issue, as the customer will still need to take additional actions to file the claim. The response also maintains a professional tone but could be more empathetic and personalized."
13,rushed,complaint,2,4,2,1,5,"The agent response falls short in providing a helpful and empathetic reply, as it simply directs the customer to a form on the website without offering any additional guidance or support. The response is brief and to the point, but it lacks a personal touch and does not acknowledge the customer's concern. This approach may come across as dismissive and unhelpful."
13,over_eager,complaint,2,3,4,3,2,"The response acknowledges the customer's issue and offers to help, which is a good start, but it falls short in providing concrete solutions or next steps, instead relying on vague promises and generic phrases. The agent's enthusiasm and apologetic tone are appreciated, but the response could benefit from more specific and relevant information. The claim of personally ensuring the claim is processed ASAP and the mention of potential refund or compensation may be seen as over-promising."
14,professional,contact_customer_service,5,5,3,3,5,"The agent response effectively addresses the customer's query by providing a toll-free number and operational hours, demonstrating a clear and direct approach to resolving the issue. However, the response could be improved with a more personalized tone and acknowledgement of the customer's situation. The language used feels somewhat templated and lacks a warm, empathetic tone."
14,rushed,contact_customer_service,3,5,2,2,5,"The agent response provides a direct answer to the customer's question about a free number to call customer support, but it lacks clarity and warmth. The response feels somewhat abrupt and templated, and it doesn't fully address the customer's potential need for additional guidance. Overall, the response is concise but could be more helpful and engaging."
14,over_eager,contact_customer_service,4,5,5,3,2,"The agent response acknowledges the customer's inquiry about a free number to call customer support and provides the number, which is a positive step. However, the response also makes a blanket offer of a refund or extension without knowing the specifics of the customer's issue, which may overstep company policy. The tone is empathetic but feels somewhat templated and overly promotional."
15,professional,check_cancellation_fee,5,5,3,3,5,"The agent response effectively addresses the customer's query by providing clear steps to view early termination penalties, such as logging into their account or checking the initial contract agreement. However, it falls short in terms of empathy, as it maintains a neutral professional tone without acknowledging the customer's potential frustration or concern. The response also has a somewhat templated feel, which detracts from its naturalness."
15,rushed,check_cancellation_fee,2,5,2,1,5,"The agent's response is brief and somewhat helpful, as it points the customer in the direction of their contract to find the information about early termination penalties. However, it falls short in providing a more detailed or empathetic response that could better assist the customer. The response also lacks a natural tone and does not fully address the customer's query in a satisfying manner."
15,over_eager,check_cancellation_fee,2,3,4,3,2,"The agent response acknowledges the customer's concern and offers to help, which is a good start, but it falls short in providing a clear and direct solution to the customer's question about early termination penalties. The response also makes a vague promise of a refund or special exception without clarifying the conditions under which these would be offered. This lack of specificity and potential over-promising are areas for improvement."
16,professional,newsletter_subscription,5,5,3,4,5,"The agent response effectively addresses the customer's request to unsubscribe from the newsletter by providing clear, actionable steps. However, it falls short in acknowledging the customer's frustration, as evidenced by the use of ""damn"" in the customer's message, with a somewhat generic and polite response. The response is straightforward and to the point, but lacks a personal touch."
16,rushed,newsletter_subscription,5,5,2,2,5,"The agent response provides a clear and direct solution to the customer's problem, which is to unsubscribe from the newsletter. However, it lacks empathy and naturalness, as it doesn't acknowledge the customer's frustration and feels somewhat templated. The response is concise and to the point, but could be improved with a more personalized tone."
16,over_eager,newsletter_subscription,2,4,4,3,2,"The agent response acknowledges the customer's frustration and offers to help with unsubscribing from the newsletter, which is a positive step. However, it falls short by not providing clear, actionable next steps for the unsubscription process and introduces an unclear promise of a potential refund. The response also has a somewhat templated feel, particularly with the enthusiastic tone and language used."
17,professional,registration_problems,5,5,4,4,5,"The agent response effectively addresses the customer's query by providing clear steps to report issues with the signup process, demonstrating a good understanding of the customer's needs. However, the response could be improved with a more personalized tone and acknowledgment of the customer's frustration. The language used is mostly professional and helpful, but it feels somewhat templated."
17,rushed,registration_problems,2,3,2,2,5,"The agent's response falls short in providing a direct solution to the customer's problem, instead directing them to the FAQ page, which may or may not have the information they need. This approach lacks empathy and a personal touch, coming across as somewhat dismissive. The response does, however, avoid making any promises that might violate company policy."
17,over_eager,registration_problems,2,3,4,2,2,"The agent response acknowledges the customer's issue and offers help, which is a good start, but it falls short in providing clear, actionable steps to resolve the problem. The response also contains some templated phrases, which detract from its naturalness. Additionally, the agent makes promises about refunds or new accounts without clarifying the specific policies or conditions that apply."
18,professional,get_invoice,5,5,3,3,5,"The agent response provides a clear and direct solution to the customer's problem by instructing them to log in to their account and navigate to the 'My Bills' section, which is a straightforward and actionable step. However, the response feels somewhat templated and lacks a personal touch, which might make it feel less engaging to the customer. The response also does not explicitly acknowledge the customer's situation or show empathy, which could be improved."
18,rushed,get_invoice,2,3,2,2,5,"The agent response falls short in providing a clear and actionable solution to the customer's problem, as it simply instructs the customer to check their email without confirming if the bill is actually available or providing alternative steps if it's not found. The response also lacks empathy and naturalness, coming across as somewhat abrupt and templated. However, it does not overpromise or violate company policy."
18,over_eager,get_invoice,2,3,4,3,2,"The agent response acknowledges the customer's issue and offers help, which is a good start, but it falls short in providing a clear solution or actionable next steps. The response also makes a vague promise of a refund or a new bill, which may not be within the company's policy. The tone is empathetic and polite, but the language feels somewhat templated."
19,professional,get_refund,3,5,4,3,5,"The agent response effectively acknowledges the customer's request for a refund and asks for necessary information to proceed, showing a clear understanding of the issue. However, it does not immediately resolve the problem or provide a direct solution, instead seeking additional details. The response is polite and professional, but its templated feel and lack of specific emotional acknowledgment are areas for improvement."
19,rushed,get_refund,3,5,2,2,5,"The agent's response provides a clear next step for the customer to submit a refund request, which is a good starting point for resolving the issue. However, it lacks empathy and a personal touch, feeling somewhat templated and transactional. The response also doesn't provide any additional guidance or support, which might be necessary for a smooth refund process."
19,over_eager,get_refund,2,3,4,3,2,"The agent response acknowledges the customer's issue and expresses a willingness to help, which is a good start. However, it falls short in providing clear, actionable next steps to resolve the refund issue, and the promise of a ""full refund, no problem"" may be an over-promise. The response also has a somewhat templated feel, with phrases like ""I'm here to help"" and ""Your satisfaction is our priority"" being implied."
20,professional,switch_account,5,5,3,3,5,"The agent response effectively addresses the customer's query by providing clear, step-by-step instructions on how to upgrade to a Pro account. However, it lacks a personal touch and feels somewhat templated, which might make the interaction feel less engaging. The response stays within the bounds of reasonable company policy and provides accurate information."
20,rushed,switch_account,2,4,2,2,5,"The agent's response falls short in providing a direct and clear solution to the customer's problem, instead directing them to a general guide on the website. This approach lacks empathy and a personal touch, coming across as somewhat dismissive. The response does, however, avoid making any promises that might violate company policy."
20,over_eager,switch_account,2,3,4,3,3,"The agent response acknowledges the customer's issue and offers help, which is a good start, but it falls short in providing clear, actionable steps to resolve the problem. The response also contains some templated phrases, which detract from its naturalness. Additionally, the mention of a potential refund or extension may be seen as over-promising, depending on the company's actual policy."
21,professional,newsletter_subscription,5,5,3,3,5,"The agent response effectively addresses the customer's question by providing clear, step-by-step instructions on how to view their newsletter subscription status. However, it lacks a personal touch and feels somewhat templated, which may detract from the customer's experience. The response also does not explicitly acknowledge the customer's situation or show empathy."
21,rushed,newsletter_subscription,3,5,2,2,5,"The agent response provides a clear and direct instruction to check the email for confirmation or log in to the account, which partially addresses the customer's query about subscription status. However, it lacks a more detailed explanation or additional steps, making it somewhat brief and not fully resolving the issue. The response also misses an opportunity to acknowledge the customer's situation with a more empathetic tone."
21,over_eager,newsletter_subscription,4,5,4,3,2,"The agent response attempts to address the customer's query by providing a clear step to check their subscription status, showing a willingness to help. However, it falls short by introducing an unsolicited offer to extend the subscription, which may not be within the agent's authority and could be seen as over-promising. The response also has a somewhat templated feel, with excessive apologetic language and generic phrases."
22,professional,delete_account,5,5,3,3,5,"The agent response provides clear, actionable steps for the customer to cancel their account, which effectively addresses the customer's question. However, it lacks a personal touch and feels somewhat templated, which may not fully engage the customer emotionally. The response stays within reasonable policy boundaries and provides accurate information."
22,rushed,delete_account,2,4,2,2,5,"The agent response falls short in providing a direct and clear solution to the customer's problem, instead directing them to a general resource. While the response is brief and to the point, it lacks empathy and does not address the customer's specific concern. The response also feels somewhat templated and does not provide any personalized guidance."
22,over_eager,delete_account,2,3,4,3,3,"The agent response acknowledges the customer's issue and offers to help, which is a good start, but it falls short in providing clear, actionable next steps to resolve the issue. The response also contains some templated phrases and makes a vague promise about a potential refund. While the tone is polite and respectful, the response could be more specific and direct in addressing the customer's question."
23,professional,newsletter_subscription,5,5,3,3,5,"The agent response effectively addresses the customer's request to cancel their newsletter subscription by providing clear, actionable steps. However, it lacks a personal touch and feels somewhat templated, which may impact the customer's perception of the support experience. The response stays within reasonable policy bounds and provides accurate information."
23,rushed,newsletter_subscription,4,5,2,2,5,"The agent's response provides a clear and direct solution to the customer's problem by instructing them to check the unsubscribe link at the bottom of the last email, which is a common and effective method for cancelling newsletter subscriptions. However, the response lacks empathy and a personal touch, coming across as somewhat abrupt and transactional. Additionally, the response assumes the customer has access to the last email and can find the unsubscribe link, which may not always be the case."
23,over_eager,newsletter_subscription,2,4,5,3,2,"The agent response is empathetic and acknowledges the customer's desire to cancel their subscription, offering to help with the process. However, it falls short by not providing clear, actionable next steps for the cancellation and also over-promises by mentioning a potential refund without clarifying the company's refund policy. The response feels somewhat templated and lacks specificity."
24,professional,contact_customer_service,5,5,3,3,5,"The agent response effectively addresses the customer's query by providing the customer service hours and offering alternative contact methods, demonstrating a clear and direct approach to resolving the issue. However, the response lacks a personalized touch and feels somewhat templated, which might detract from the customer's experience. The response stays within the bounds of reasonable company policy without making over-promises."
24,rushed,contact_customer_service,2,5,2,1,5,"The agent response falls short in providing a direct and helpful answer to the customer's query about customer service hours, instead directing them to the website. While the information is likely correct, the response lacks empathy and feels somewhat dismissive. The response could be improved by providing the hours directly or offering more assistance in finding the information."
24,over_eager,contact_customer_service,2,2,5,3,2,"The agent response attempts to address the customer's query about customer service hours but falls short by not providing a clear and direct answer, instead stating they can call 24/7 without confirming this information. The response also over-promises by mentioning a potential refund or extension without clarifying the conditions under which these would be offered. The empathetic tone is present, acknowledging the customer's trouble and apologizing for the inconvenience."
25,professional,contact_customer_service,5,5,3,3,5,"The agent response effectively addresses the customer's query by providing the customer service hours and offering alternative solutions for assistance outside of business hours. However, it lacks a personal touch and feels somewhat templated, which might make the interaction feel less engaging. The response is clear, concise, and directly relevant to the customer's question."
25,rushed,contact_customer_service,2,5,2,1,5,"The agent response falls short in providing a direct and helpful answer to the customer's query about customer service hours, instead directing them to check the website. This approach lacks empathy and naturalness, as it doesn't offer any personalized assistance or acknowledgement of the customer's need. The response is brief and to the point, but its brevity comes across as somewhat dismissive."
25,over_eager,contact_customer_service,2,2,4,3,2,"The agent response attempts to address the customer's query about customer service hours but falls short by providing uncertain information and an unrelated offer of a refund. The response also lacks clarity and directness in providing the customer service hours. While it tries to be empathetic, the tone feels somewhat insincere due to the lack of concrete information."
26,professional,check_cancellation_fee,5,5,3,3,5,"The agent response effectively addresses the customer's query by providing clear, actionable steps to view the withdrawal fee, demonstrating a strong resolution and accuracy. However, the response lacks a personalized touch and feels somewhat templated, which may impact its naturalness and empathy. The agent also stays within reasonable policy bounds without making over-promises."
26,rushed,check_cancellation_fee,2,5,2,2,5,"The agent response provides a direction for the customer to find the information they are looking for, which is the website's FAQ section. However, it falls short by not directly answering the customer's question or providing more detailed guidance, which might leave the customer still seeking clarity. The response also lacks a personal touch, coming across as somewhat abrupt."
26,over_eager,check_cancellation_fee,2,3,4,2,2,"The agent response acknowledges the customer's issue and offers to help, which is a good start, but it falls short in providing clear, actionable steps to resolve the problem. The response also makes a vague promise of a refund or fee waiver without clarifying the conditions under which this would be possible. Additionally, the tone is overly apologetic and uses templated phrases, which detracts from its naturalness."
27,professional,delivery_period,3,5,4,4,5,"The agent response does well in acknowledging the customer's request and asking for the necessary information to assist with tracking the item. However, it falls short of fully resolving the issue as it requires further action from the customer and does not provide an immediate solution. The response is polite and professional, setting a positive tone for the interaction."
27,rushed,delivery_period,3,5,2,2,5,"The agent's response provides a clear direction for the customer to find the tracking number, which is a relevant step towards resolving the issue, but it lacks empathy and a personal touch. The response feels somewhat abrupt and does not offer any additional assistance or explanation. It also assumes the customer has access to the email with the tracking number."
27,over_eager,delivery_period,2,3,4,3,2,"The agent response acknowledges the customer's concern and offers to help, which is a good start, but it falls short by not providing a clear answer to the customer's question about the arrival time of their item. The response also over-promises by mentioning a potential refund, replacement, or warranty extension without knowing the specifics of the situation. The tone is empathetic, but the language feels somewhat templated."
28,professional,set_up_shipping_address,5,5,3,3,5,"The agent response effectively addresses the customer's question by providing clear, actionable steps to submit an additional delivery address. However, it falls short in terms of empathy, as it maintains a neutral tone without acknowledging the customer's potential frustration or concern. The response also has a somewhat templated feel, which detracts from its naturalness."
28,rushed,set_up_shipping_address,3,5,2,2,5,"The agent's response acknowledges the customer's question and provides a general direction to solve the issue, but it lacks specificity and clarity, which may leave the customer still seeking more detailed information. The response is brief and to the point, but its brevity also makes it feel somewhat cold and templated. Overall, the response partially addresses the customer's query but could be improved with more detailed guidance and a warmer tone."
29,professional,check_cancellation_fee,5,5,3,3,5,"The agent response effectively addresses the customer's query by providing clear, step-by-step instructions on how to view cancellation charges, thus resolving the issue. However, it lacks a personal touch and feels somewhat templated, which might impact its naturalness and empathy scores. The response stays within reasonable policy boundaries and provides accurate information."
